"year","level","code","type.of.building","value","measure"
2018,"laucode","114","all",3535,"offer_pricem2"
2018,"laucode","114","flat",3533,"offer_pricem2"
2018,"laucode","114","house",3554,"offer_pricem2"
2018,"laucode","115","all",3300,"offer_pricem2"
2018,"laucode","115","flat",3178,"offer_pricem2"
2018,"laucode","115","house",3445,"offer_pricem2"
2018,"laucode","117","all",3737,"offer_pricem2"
2018,"laucode","117","flat",3808,"offer_pricem2"
2018,"laucode","117","house",3711,"offer_pricem2"
2018,"laucode","120","all",4297,"offer_pricem2"
2018,"laucode","120","flat",4710,"offer_pricem2"
2018,"laucode","120","house",3963,"offer_pricem2"
2018,"laucode","123","all",3854,"offer_pricem2"
2018,"laucode","123","flat",3862,"offer_pricem2"
2018,"laucode","123","house",3421,"offer_pricem2"
2018,"laucode","125","all",3940,"offer_pricem2"
2018,"laucode","125","flat",3882,"offer_pricem2"
2018,"laucode","125","house",3941,"offer_pricem2"
2018,"laucode","126","all",3977,"offer_pricem2"
2018,"laucode","126","flat",4004,"offer_pricem2"
2018,"laucode","126","house",3787,"offer_pricem2"
2018,"laucode","127","all",3328,"offer_pricem2"
2018,"laucode","127","flat",3350,"offer_pricem2"
2018,"laucode","127","house",3242,"offer_pricem2"
2018,"laucode","128","all",3281,"offer_pricem2"
2018,"laucode","128","flat",3381,"offer_pricem2"
2018,"laucode","128","house",2764,"offer_pricem2"
2018,"laucode","136","all",3460,"offer_pricem2"
2018,"laucode","136","flat",3459,"offer_pricem2"
2018,"laucode","136","house",3467,"offer_pricem2"
2018,"laucode","138","all",3874,"offer_pricem2"
2018,"laucode","138","flat",3832,"offer_pricem2"
2018,"laucode","138","house",3984,"offer_pricem2"
2018,"laucode","139","all",3265,"offer_pricem2"
2018,"laucode","139","flat",3252,"offer_pricem2"
2018,"laucode","139","house",3376,"offer_pricem2"
2018,"laucode","140","all",3232,"offer_pricem2"
2018,"laucode","140","flat",3568,"offer_pricem2"
2018,"laucode","140","house",2897,"offer_pricem2"
2018,"laucode","160","all",4759,"offer_pricem2"
2018,"laucode","160","flat",4757,"offer_pricem2"
2018,"laucode","160","house",4770,"offer_pricem2"
2018,"laucode","162","all",5797,"offer_pricem2"
2018,"laucode","162","flat",5622,"offer_pricem2"
2018,"laucode","162","house",6603,"offer_pricem2"
2018,"laucode","163","all",4263,"offer_pricem2"
2018,"laucode","163","flat",4230,"offer_pricem2"
2018,"laucode","163","house",4525,"offer_pricem2"
2018,"laucode","180","all",6354,"offer_pricem2"
2018,"laucode","180","flat",6363,"offer_pricem2"
2018,"laucode","180","house",4685,"offer_pricem2"
2018,"laucode","181","all",3003,"offer_pricem2"
2018,"laucode","181","flat",3000,"offer_pricem2"
2018,"laucode","181","house",3013,"offer_pricem2"
2018,"laucode","182","all",5474,"offer_pricem2"
2018,"laucode","182","flat",5495,"offer_pricem2"
2018,"laucode","182","house",5224,"offer_pricem2"
2018,"laucode","183","all",5063,"offer_pricem2"
2018,"laucode","183","flat",5066,"offer_pricem2"
2018,"laucode","183","house",4718,"offer_pricem2"
2018,"laucode","184","all",5531,"offer_pricem2"
2018,"laucode","184","flat",5529,"offer_pricem2"
2018,"laucode","184","house",6073,"offer_pricem2"
2018,"laucode","186","all",5848,"offer_pricem2"
2018,"laucode","186","flat",5780,"offer_pricem2"
2018,"laucode","186","house",6251,"offer_pricem2"
2018,"laucode","187","all",3945,"offer_pricem2"
2018,"laucode","187","flat",3843,"offer_pricem2"
2018,"laucode","187","house",4234,"offer_pricem2"
2018,"laucode","188","all",2818,"offer_pricem2"
2018,"laucode","188","flat",2957,"offer_pricem2"
2018,"laucode","188","house",2593,"offer_pricem2"
2018,"laucode","191","all",3394,"offer_pricem2"
2018,"laucode","191","flat",3400,"offer_pricem2"
2018,"laucode","191","house",3380,"offer_pricem2"
2018,"laucode","192","all",2728,"offer_pricem2"
2018,"laucode","192","flat",2524,"offer_pricem2"
2018,"laucode","192","house",2804,"offer_pricem2"
2018,"laucode","305","all",2775,"offer_pricem2"
2018,"laucode","305","flat",3002,"offer_pricem2"
2018,"laucode","305","house",2724,"offer_pricem2"
2018,"laucode","319","all",1540,"offer_pricem2"
2018,"laucode","319","flat",1245,"offer_pricem2"
2018,"laucode","319","house",1546,"offer_pricem2"
2018,"laucode","330","all",3369,"offer_pricem2"
2018,"laucode","330","flat",3511,"offer_pricem2"
2018,"laucode","330","house",2999,"offer_pricem2"
2018,"laucode","331","all",1475,"offer_pricem2"
2018,"laucode","331","flat",1182,"offer_pricem2"
2018,"laucode","331","house",1481,"offer_pricem2"
2018,"laucode","360","all",1387,"offer_pricem2"
2018,"laucode","360","flat",1362,"offer_pricem2"
2018,"laucode","360","house",1394,"offer_pricem2"
2018,"laucode","380","all",3757,"offer_pricem2"
2018,"laucode","380","flat",3777,"offer_pricem2"
2018,"laucode","380","house",3349,"offer_pricem2"
2018,"laucode","381","all",2358,"offer_pricem2"
2018,"laucode","381","flat",2368,"offer_pricem2"
2018,"laucode","381","house",2334,"offer_pricem2"
2018,"laucode","382","all",1775,"offer_pricem2"
2018,"laucode","382","flat",1838,"offer_pricem2"
2018,"laucode","382","house",1669,"offer_pricem2"
2018,"laucode","428","all",1432,"offer_pricem2"
2018,"laucode","428","flat",453,"offer_pricem2"
2018,"laucode","428","house",1436,"offer_pricem2"
2018,"laucode","461","all",1959,"offer_pricem2"
2018,"laucode","461","flat",2059,"offer_pricem2"
2018,"laucode","461","house",1895,"offer_pricem2"
2018,"laucode","480","all",2231,"offer_pricem2"
2018,"laucode","480","flat",2180,"offer_pricem2"
2018,"laucode","480","house",2508,"offer_pricem2"
2018,"laucode","481","all",1084,"offer_pricem2"
2018,"laucode","481","flat",773,"offer_pricem2"
2018,"laucode","481","house",1395,"offer_pricem2"
2018,"laucode","482","all",1504,"offer_pricem2"
2018,"laucode","482","flat",620,"offer_pricem2"
2018,"laucode","482","house",1839,"offer_pricem2"
2018,"laucode","483","all",1634,"offer_pricem2"
2018,"laucode","483","flat",1423,"offer_pricem2"
2018,"laucode","483","house",1904,"offer_pricem2"
2018,"laucode","484","all",2460,"offer_pricem2"
2018,"laucode","484","flat",2523,"offer_pricem2"
2018,"laucode","484","house",2207,"offer_pricem2"
2018,"laucode","488","all",2731,"offer_pricem2"
2018,"laucode","488","flat",2715,"offer_pricem2"
2018,"laucode","488","house",2754,"offer_pricem2"
2018,"laucode","509","all",1034,"offer_pricem2"
2018,"laucode","509","flat",2828,"offer_pricem2"
2018,"laucode","509","house",781,"offer_pricem2"
2018,"laucode","512","all",546,"offer_pricem2"
2018,"laucode","512","house",546,"offer_pricem2"
2018,"laucode","513","all",1712,"offer_pricem2"
2018,"laucode","513","house",1712,"offer_pricem2"
2018,"laucode","560","all",961,"offer_pricem2"
2018,"laucode","560","flat",783,"offer_pricem2"
2018,"laucode","560","house",980,"offer_pricem2"
2018,"laucode","561","all",1216,"offer_pricem2"
2018,"laucode","561","flat",1280,"offer_pricem2"
2018,"laucode","561","house",1102,"offer_pricem2"
2018,"laucode","562","all",987,"offer_pricem2"
2018,"laucode","562","flat",623,"offer_pricem2"
2018,"laucode","562","house",1220,"offer_pricem2"
2018,"laucode","563","all",1109,"offer_pricem2"
2018,"laucode","563","house",1109,"offer_pricem2"
2018,"laucode","580","all",3401,"offer_pricem2"
2018,"laucode","580","flat",3456,"offer_pricem2"
2018,"laucode","580","house",2452,"offer_pricem2"
2018,"laucode","581","all",2589,"offer_pricem2"
2018,"laucode","581","flat",2556,"offer_pricem2"
2018,"laucode","581","house",2711,"offer_pricem2"
2018,"laucode","582","all",3085,"offer_pricem2"
2018,"laucode","582","flat",2176,"offer_pricem2"
2018,"laucode","582","house",3092,"offer_pricem2"
2018,"laucode","583","all",1655,"offer_pricem2"
2018,"laucode","583","flat",1476,"offer_pricem2"
2018,"laucode","583","house",1728,"offer_pricem2"
2018,"laucode","584","all",1822,"offer_pricem2"
2018,"laucode","584","flat",2137,"offer_pricem2"
2018,"laucode","584","house",1728,"offer_pricem2"
2018,"laucode","586","all",1748,"offer_pricem2"
2018,"laucode","586","flat",1707,"offer_pricem2"
2018,"laucode","586","house",1797,"offer_pricem2"
2018,"laucode","604","all",1313,"offer_pricem2"
2018,"laucode","604","flat",310,"offer_pricem2"
2018,"laucode","604","house",1353,"offer_pricem2"
2018,"laucode","617","all",862,"offer_pricem2"
2018,"laucode","617","house",862,"offer_pricem2"
2018,"laucode","642","all",1436,"offer_pricem2"
2018,"laucode","642","flat",1747,"offer_pricem2"
2018,"laucode","642","house",1359,"offer_pricem2"
2018,"laucode","643","all",2115,"offer_pricem2"
2018,"laucode","643","flat",1855,"offer_pricem2"
2018,"laucode","643","house",2180,"offer_pricem2"
2018,"laucode","662","all",904,"offer_pricem2"
2018,"laucode","662","flat",797,"offer_pricem2"
2018,"laucode","662","house",948,"offer_pricem2"
2018,"laucode","665","all",1452,"offer_pricem2"
2018,"laucode","665","flat",1243,"offer_pricem2"
2018,"laucode","665","house",1457,"offer_pricem2"
2018,"laucode","680","all",2737,"offer_pricem2"
2018,"laucode","680","flat",2797,"offer_pricem2"
2018,"laucode","680","house",2485,"offer_pricem2"
2018,"laucode","682","all",1248,"offer_pricem2"
2018,"laucode","682","flat",966,"offer_pricem2"
2018,"laucode","682","house",1299,"offer_pricem2"
2018,"laucode","683","all",1527,"offer_pricem2"
2018,"laucode","683","flat",1727,"offer_pricem2"
2018,"laucode","683","house",1472,"offer_pricem2"
2018,"laucode","684","all",729,"offer_pricem2"
2018,"laucode","684","flat",576,"offer_pricem2"
2018,"laucode","684","house",739,"offer_pricem2"
2018,"laucode","685","all",1325,"offer_pricem2"
2018,"laucode","685","flat",2128,"offer_pricem2"
2018,"laucode","685","house",1279,"offer_pricem2"
2018,"laucode","686","all",976,"offer_pricem2"
2018,"laucode","686","flat",1327,"offer_pricem2"
2018,"laucode","686","house",875,"offer_pricem2"
2018,"laucode","687","all",1502,"offer_pricem2"
2018,"laucode","687","flat",1484,"offer_pricem2"
2018,"laucode","687","house",1589,"offer_pricem2"
2018,"laucode","760","all",812,"offer_pricem2"
2018,"laucode","760","house",812,"offer_pricem2"
2018,"laucode","761","all",658,"offer_pricem2"
2018,"laucode","761","house",658,"offer_pricem2"
2018,"laucode","763","all",698,"offer_pricem2"
2018,"laucode","763","flat",865,"offer_pricem2"
2018,"laucode","763","house",698,"offer_pricem2"
2018,"laucode","764","all",1388,"offer_pricem2"
2018,"laucode","764","flat",928,"offer_pricem2"
2018,"laucode","764","house",1440,"offer_pricem2"
2018,"laucode","765","all",1474,"offer_pricem2"
2018,"laucode","765","flat",1527,"offer_pricem2"
2018,"laucode","765","house",1471,"offer_pricem2"
2018,"laucode","767","all",712,"offer_pricem2"
2018,"laucode","767","flat",234,"offer_pricem2"
2018,"laucode","767","house",717,"offer_pricem2"
2018,"laucode","780","all",2570,"offer_pricem2"
2018,"laucode","780","flat",2654,"offer_pricem2"
2018,"laucode","780","house",2075,"offer_pricem2"
2018,"laucode","781","all",1161,"offer_pricem2"
2018,"laucode","781","flat",1298,"offer_pricem2"
2018,"laucode","781","house",1159,"offer_pricem2"
2018,"laucode","821","all",531,"offer_pricem2"
2018,"laucode","821","house",531,"offer_pricem2"
2018,"laucode","834","all",742,"offer_pricem2"
2018,"laucode","834","flat",276,"offer_pricem2"
2018,"laucode","834","house",749,"offer_pricem2"
2018,"laucode","840","all",1858,"offer_pricem2"
2018,"laucode","840","flat",933,"offer_pricem2"
2018,"laucode","840","house",1904,"offer_pricem2"
2018,"laucode","860","all",495,"offer_pricem2"
2018,"laucode","860","flat",812,"offer_pricem2"
2018,"laucode","860","house",494,"offer_pricem2"
2018,"laucode","861","all",878,"offer_pricem2"
2018,"laucode","861","house",878,"offer_pricem2"
2018,"laucode","862","all",644,"offer_pricem2"
2018,"laucode","862","house",644,"offer_pricem2"
2018,"laucode","880","all",2211,"offer_pricem2"
2018,"laucode","880","flat",2235,"offer_pricem2"
2018,"laucode","880","house",2043,"offer_pricem2"
2018,"laucode","881","all",993,"offer_pricem2"
2018,"laucode","881","flat",945,"offer_pricem2"
2018,"laucode","881","house",1007,"offer_pricem2"
2018,"laucode","882","all",1391,"offer_pricem2"
2018,"laucode","882","flat",1322,"offer_pricem2"
2018,"laucode","882","house",1438,"offer_pricem2"
2018,"laucode","883","all",1924,"offer_pricem2"
2018,"laucode","883","flat",1225,"offer_pricem2"
2018,"laucode","883","house",1952,"offer_pricem2"
2018,"laucode","884","all",917,"offer_pricem2"
2018,"laucode","884","flat",956,"offer_pricem2"
2018,"laucode","884","house",915,"offer_pricem2"
2018,"laucode","885","all",2133,"offer_pricem2"
2018,"laucode","885","flat",2201,"offer_pricem2"
2018,"laucode","885","house",2016,"offer_pricem2"
2018,"laucode","980","all",3199,"offer_pricem2"
2018,"laucode","980","flat",3327,"offer_pricem2"
2018,"laucode","980","house",2623,"offer_pricem2"
2018,"laucode","1060","all",796,"offer_pricem2"
2018,"laucode","1060","flat",502,"offer_pricem2"
2018,"laucode","1060","house",798,"offer_pricem2"
2018,"laucode","1080","all",2456,"offer_pricem2"
2018,"laucode","1080","flat",2602,"offer_pricem2"
2018,"laucode","1080","house",2207,"offer_pricem2"
2018,"laucode","1081","all",1141,"offer_pricem2"
2018,"laucode","1081","flat",1540,"offer_pricem2"
2018,"laucode","1081","house",1141,"offer_pricem2"
2018,"laucode","1082","all",1278,"offer_pricem2"
2018,"laucode","1082","flat",962,"offer_pricem2"
2018,"laucode","1082","house",1438,"offer_pricem2"
2018,"laucode","1083","all",1510,"offer_pricem2"
2018,"laucode","1083","flat",1118,"offer_pricem2"
2018,"laucode","1083","house",1532,"offer_pricem2"
2018,"laucode","1214","all",1528,"offer_pricem2"
2018,"laucode","1214","flat",1043,"offer_pricem2"
2018,"laucode","1214","house",1531,"offer_pricem2"
2018,"laucode","1230","all",2148,"offer_pricem2"
2018,"laucode","1230","flat",2074,"offer_pricem2"
2018,"laucode","1230","house",2294,"offer_pricem2"
2018,"laucode","1231","all",2359,"offer_pricem2"
2018,"laucode","1231","flat",1931,"offer_pricem2"
2018,"laucode","1231","house",2427,"offer_pricem2"
2018,"laucode","1233","all",4195,"offer_pricem2"
2018,"laucode","1233","flat",3893,"offer_pricem2"
2018,"laucode","1233","house",4260,"offer_pricem2"
2018,"laucode","1256","all",768,"offer_pricem2"
2018,"laucode","1256","house",768,"offer_pricem2"
2018,"laucode","1257","all",1206,"offer_pricem2"
2018,"laucode","1257","flat",444,"offer_pricem2"
2018,"laucode","1257","house",1230,"offer_pricem2"
2018,"laucode","1260","all",1390,"offer_pricem2"
2018,"laucode","1260","flat",727,"offer_pricem2"
2018,"laucode","1260","house",1446,"offer_pricem2"
2018,"laucode","1261","all",2582,"offer_pricem2"
2018,"laucode","1261","flat",2376,"offer_pricem2"
2018,"laucode","1261","house",2660,"offer_pricem2"
2018,"laucode","1262","all",3888,"offer_pricem2"
2018,"laucode","1262","flat",3575,"offer_pricem2"
2018,"laucode","1262","house",3990,"offer_pricem2"
2018,"laucode","1263","all",2375,"offer_pricem2"
2018,"laucode","1263","flat",2226,"offer_pricem2"
2018,"laucode","1263","house",2492,"offer_pricem2"
2018,"laucode","1264","all",1802,"offer_pricem2"
2018,"laucode","1264","house",1802,"offer_pricem2"
2018,"laucode","1265","all",1740,"offer_pricem2"
2018,"laucode","1265","flat",774,"offer_pricem2"
2018,"laucode","1265","house",1749,"offer_pricem2"
2018,"laucode","1266","all",1363,"offer_pricem2"
2018,"laucode","1266","flat",1036,"offer_pricem2"
2018,"laucode","1266","house",1368,"offer_pricem2"
2018,"laucode","1267","all",1518,"offer_pricem2"
2018,"laucode","1267","flat",1060,"offer_pricem2"
2018,"laucode","1267","house",1522,"offer_pricem2"
2018,"laucode","1270","all",1462,"offer_pricem2"
2018,"laucode","1270","flat",645,"offer_pricem2"
2018,"laucode","1270","house",1490,"offer_pricem2"
2018,"laucode","1272","all",1037,"offer_pricem2"
2018,"laucode","1272","flat",111,"offer_pricem2"
2018,"laucode","1272","house",1041,"offer_pricem2"
2018,"laucode","1273","all",866,"offer_pricem2"
2018,"laucode","1273","flat",699,"offer_pricem2"
2018,"laucode","1273","house",869,"offer_pricem2"
2018,"laucode","1275","all",1143,"offer_pricem2"
2018,"laucode","1275","flat",443,"offer_pricem2"
2018,"laucode","1275","house",1221,"offer_pricem2"
2018,"laucode","1276","all",1073,"offer_pricem2"
2018,"laucode","1276","flat",588,"offer_pricem2"
2018,"laucode","1276","house",1104,"offer_pricem2"
2018,"laucode","1277","all",1462,"offer_pricem2"
2018,"laucode","1277","flat",1086,"offer_pricem2"
2018,"laucode","1277","house",1486,"offer_pricem2"
2018,"laucode","1278","all",3691,"offer_pricem2"
2018,"laucode","1278","flat",3952,"offer_pricem2"
2018,"laucode","1278","house",3622,"offer_pricem2"
2018,"laucode","1280","all",3004,"offer_pricem2"
2018,"laucode","1280","flat",2999,"offer_pricem2"
2018,"laucode","1280","house",3338,"offer_pricem2"
2018,"laucode","1281","all",3648,"offer_pricem2"
2018,"laucode","1281","flat",3704,"offer_pricem2"
2018,"laucode","1281","house",2654,"offer_pricem2"
2018,"laucode","1282","all",2526,"offer_pricem2"
2018,"laucode","1282","flat",2445,"offer_pricem2"
2018,"laucode","1282","house",2649,"offer_pricem2"
2018,"laucode","1283","all",2721,"offer_pricem2"
2018,"laucode","1283","flat",2648,"offer_pricem2"
2018,"laucode","1283","house",3148,"offer_pricem2"
2018,"laucode","1285","all",1808,"offer_pricem2"
2018,"laucode","1285","flat",1469,"offer_pricem2"
2018,"laucode","1285","house",1867,"offer_pricem2"
2018,"laucode","1286","all",2310,"offer_pricem2"
2018,"laucode","1286","flat",2219,"offer_pricem2"
2018,"laucode","1286","house",2350,"offer_pricem2"
2018,"laucode","1287","all",2122,"offer_pricem2"
2018,"laucode","1287","flat",1602,"offer_pricem2"
2018,"laucode","1287","house",2274,"offer_pricem2"
2018,"laucode","1290","all",1826,"offer_pricem2"
2018,"laucode","1290","flat",1685,"offer_pricem2"
2018,"laucode","1290","house",1882,"offer_pricem2"
2018,"laucode","1291","all",2172,"offer_pricem2"
2018,"laucode","1291","flat",1342,"offer_pricem2"
2018,"laucode","1291","house",2199,"offer_pricem2"
2018,"laucode","1292","all",2399,"offer_pricem2"
2018,"laucode","1292","flat",2272,"offer_pricem2"
2018,"laucode","1292","house",2423,"offer_pricem2"
2018,"laucode","1293","all",1273,"offer_pricem2"
2018,"laucode","1293","flat",919,"offer_pricem2"
2018,"laucode","1293","house",1298,"offer_pricem2"
2018,"laucode","1315","all",832,"offer_pricem2"
2018,"laucode","1315","house",832,"offer_pricem2"
2018,"laucode","1380","all",2849,"offer_pricem2"
2018,"laucode","1380","flat",2778,"offer_pricem2"
2018,"laucode","1380","house",2973,"offer_pricem2"
2018,"laucode","1381","all",2424,"offer_pricem2"
2018,"laucode","1381","flat",2682,"offer_pricem2"
2018,"laucode","1381","house",2416,"offer_pricem2"
2018,"laucode","1382","all",2203,"offer_pricem2"
2018,"laucode","1382","flat",2362,"offer_pricem2"
2018,"laucode","1382","house",2071,"offer_pricem2"
2018,"laucode","1383","all",3180,"offer_pricem2"
2018,"laucode","1383","flat",3454,"offer_pricem2"
2018,"laucode","1383","house",2893,"offer_pricem2"
2018,"laucode","1384","all",3692,"offer_pricem2"
2018,"laucode","1384","flat",4124,"offer_pricem2"
2018,"laucode","1384","house",3449,"offer_pricem2"
2018,"laucode","1401","all",3280,"offer_pricem2"
2018,"laucode","1401","flat",3825,"offer_pricem2"
2018,"laucode","1401","house",3199,"offer_pricem2"
2018,"laucode","1402","all",3800,"offer_pricem2"
2018,"laucode","1402","flat",3800,"offer_pricem2"
2018,"laucode","1402","house",3801,"offer_pricem2"
2018,"laucode","1407","all",3532,"offer_pricem2"
2018,"laucode","1407","flat",3496,"offer_pricem2"
2018,"laucode","1407","house",3539,"offer_pricem2"
2018,"laucode","1415","all",3262,"offer_pricem2"
2018,"laucode","1415","flat",3414,"offer_pricem2"
2018,"laucode","1415","house",3017,"offer_pricem2"
2018,"laucode","1419","all",4062,"offer_pricem2"
2018,"laucode","1419","flat",4232,"offer_pricem2"
2018,"laucode","1419","house",2636,"offer_pricem2"
2018,"laucode","1421","all",2697,"offer_pricem2"
2018,"laucode","1421","flat",3028,"offer_pricem2"
2018,"laucode","1421","house",2435,"offer_pricem2"
2018,"laucode","1430","all",1490,"offer_pricem2"
2018,"laucode","1430","flat",1221,"offer_pricem2"
2018,"laucode","1430","house",1492,"offer_pricem2"
2018,"laucode","1435","all",3034,"offer_pricem2"
2018,"laucode","1435","flat",5057,"offer_pricem2"
2018,"laucode","1435","house",2691,"offer_pricem2"
2018,"laucode","1438","all",904,"offer_pricem2"
2018,"laucode","1438","flat",1265,"offer_pricem2"
2018,"laucode","1438","house",894,"offer_pricem2"
2018,"laucode","1439","all",1064,"offer_pricem2"
2018,"laucode","1439","house",1064,"offer_pricem2"
2018,"laucode","1440","all",2693,"offer_pricem2"
2018,"laucode","1440","flat",2681,"offer_pricem2"
2018,"laucode","1440","house",2709,"offer_pricem2"
2018,"laucode","1441","all",2963,"offer_pricem2"
2018,"laucode","1441","flat",3026,"offer_pricem2"
2018,"laucode","1441","house",2960,"offer_pricem2"
2018,"laucode","1442","all",1552,"offer_pricem2"
2018,"laucode","1442","flat",1779,"offer_pricem2"
2018,"laucode","1442","house",1510,"offer_pricem2"
2018,"laucode","1443","all",3210,"offer_pricem2"
2018,"laucode","1443","flat",2918,"offer_pricem2"
2018,"laucode","1443","house",3222,"offer_pricem2"
2018,"laucode","1444","all",2463,"offer_pricem2"
2018,"laucode","1444","flat",699,"offer_pricem2"
2018,"laucode","1444","house",2904,"offer_pricem2"
2018,"laucode","1445","all",1505,"offer_pricem2"
2018,"laucode","1445","house",1505,"offer_pricem2"
2018,"laucode","1446","all",870,"offer_pricem2"
2018,"laucode","1446","flat",348,"offer_pricem2"
2018,"laucode","1446","house",1058,"offer_pricem2"
2018,"laucode","1447","all",539,"offer_pricem2"
2018,"laucode","1447","flat",199,"offer_pricem2"
2018,"laucode","1447","house",635,"offer_pricem2"
2018,"laucode","1452","all",1126,"offer_pricem2"
2018,"laucode","1452","house",1126,"offer_pricem2"
2018,"laucode","1460","all",722,"offer_pricem2"
2018,"laucode","1460","house",722,"offer_pricem2"
2018,"laucode","1461","all",1119,"offer_pricem2"
2018,"laucode","1461","flat",1015,"offer_pricem2"
2018,"laucode","1461","house",1130,"offer_pricem2"
2018,"laucode","1462","all",1859,"offer_pricem2"
2018,"laucode","1462","flat",1528,"offer_pricem2"
2018,"laucode","1462","house",1889,"offer_pricem2"
2018,"laucode","1463","all",1720,"offer_pricem2"
2018,"laucode","1463","flat",1586,"offer_pricem2"
2018,"laucode","1463","house",1722,"offer_pricem2"
2018,"laucode","1465","all",947,"offer_pricem2"
2018,"laucode","1465","house",947,"offer_pricem2"
2018,"laucode","1466","all",1477,"offer_pricem2"
2018,"laucode","1466","house",1477,"offer_pricem2"
2018,"laucode","1470","all",1084,"offer_pricem2"
2018,"laucode","1470","flat",475,"offer_pricem2"
2018,"laucode","1470","house",1087,"offer_pricem2"
2018,"laucode","1471","all",1355,"offer_pricem2"
2018,"laucode","1471","flat",446,"offer_pricem2"
2018,"laucode","1471","house",1385,"offer_pricem2"
2018,"laucode","1472","all",1045,"offer_pricem2"
2018,"laucode","1472","flat",489,"offer_pricem2"
2018,"laucode","1472","house",1206,"offer_pricem2"
2018,"laucode","1473","all",913,"offer_pricem2"
2018,"laucode","1473","flat",526,"offer_pricem2"
2018,"laucode","1473","house",951,"offer_pricem2"
2018,"laucode","1480","all",4603,"offer_pricem2"
2018,"laucode","1480","flat",4619,"offer_pricem2"
2018,"laucode","1480","house",3972,"offer_pricem2"
2018,"laucode","1481","all",3939,"offer_pricem2"
2018,"laucode","1481","flat",4000,"offer_pricem2"
2018,"laucode","1481","house",3783,"offer_pricem2"
2018,"laucode","1482","all",3451,"offer_pricem2"
2018,"laucode","1482","flat",3527,"offer_pricem2"
2018,"laucode","1482","house",3398,"offer_pricem2"
2018,"laucode","1484","all",2900,"offer_pricem2"
2018,"laucode","1484","flat",2907,"offer_pricem2"
2018,"laucode","1484","house",2593,"offer_pricem2"
2018,"laucode","1485","all",2368,"offer_pricem2"
2018,"laucode","1485","flat",2307,"offer_pricem2"
2018,"laucode","1485","house",2538,"offer_pricem2"
2018,"laucode","1486","all",3104,"offer_pricem2"
2018,"laucode","1486","flat",3068,"offer_pricem2"
2018,"laucode","1486","house",3146,"offer_pricem2"
2018,"laucode","1487","all",1437,"offer_pricem2"
2018,"laucode","1487","flat",1441,"offer_pricem2"
2018,"laucode","1487","house",1422,"offer_pricem2"
2018,"laucode","1488","all",1949,"offer_pricem2"
2018,"laucode","1488","flat",1963,"offer_pricem2"
2018,"laucode","1488","house",1861,"offer_pricem2"
2018,"laucode","1489","all",2968,"offer_pricem2"
2018,"laucode","1489","flat",3093,"offer_pricem2"
2018,"laucode","1489","house",2258,"offer_pricem2"
2018,"laucode","1490","all",2273,"offer_pricem2"
2018,"laucode","1490","flat",2259,"offer_pricem2"
2018,"laucode","1490","house",2315,"offer_pricem2"
2018,"laucode","1491","all",1920,"offer_pricem2"
2018,"laucode","1491","flat",1956,"offer_pricem2"
2018,"laucode","1491","house",1846,"offer_pricem2"
2018,"laucode","1492","all",899,"offer_pricem2"
2018,"laucode","1492","flat",407,"offer_pricem2"
2018,"laucode","1492","house",972,"offer_pricem2"
2018,"laucode","1493","all",1106,"offer_pricem2"
2018,"laucode","1493","flat",806,"offer_pricem2"
2018,"laucode","1493","house",1329,"offer_pricem2"
2018,"laucode","1494","all",1285,"offer_pricem2"
2018,"laucode","1494","flat",966,"offer_pricem2"
2018,"laucode","1494","house",1767,"offer_pricem2"
2018,"laucode","1495","all",1095,"offer_pricem2"
2018,"laucode","1495","flat",459,"offer_pricem2"
2018,"laucode","1495","house",1576,"offer_pricem2"
2018,"laucode","1496","all",1856,"offer_pricem2"
2018,"laucode","1496","flat",1708,"offer_pricem2"
2018,"laucode","1496","house",2038,"offer_pricem2"
2018,"laucode","1497","all",1389,"offer_pricem2"
2018,"laucode","1497","flat",774,"offer_pricem2"
2018,"laucode","1497","house",1435,"offer_pricem2"
2018,"laucode","1498","all",814,"offer_pricem2"
2018,"laucode","1498","flat",324,"offer_pricem2"
2018,"laucode","1498","house",1168,"offer_pricem2"
2018,"laucode","1499","all",1034,"offer_pricem2"
2018,"laucode","1499","flat",516,"offer_pricem2"
2018,"laucode","1499","house",1189,"offer_pricem2"
2018,"laucode","1715","all",1474,"offer_pricem2"
2018,"laucode","1715","flat",602,"offer_pricem2"
2018,"laucode","1715","house",1539,"offer_pricem2"
2018,"laucode","1730","all",793,"offer_pricem2"
2018,"laucode","1730","house",793,"offer_pricem2"
2018,"laucode","1737","all",792,"offer_pricem2"
2018,"laucode","1737","house",792,"offer_pricem2"
2018,"laucode","1760","all",479,"offer_pricem2"
2018,"laucode","1760","house",479,"offer_pricem2"
2018,"laucode","1761","all",1950,"offer_pricem2"
2018,"laucode","1761","flat",1409,"offer_pricem2"
2018,"laucode","1761","house",2490,"offer_pricem2"
2018,"laucode","1762","all",472,"offer_pricem2"
2018,"laucode","1762","house",472,"offer_pricem2"
2018,"laucode","1763","all",960,"offer_pricem2"
2018,"laucode","1763","flat",632,"offer_pricem2"
2018,"laucode","1763","house",969,"offer_pricem2"
2018,"laucode","1765","all",1076,"offer_pricem2"
2018,"laucode","1765","flat",853,"offer_pricem2"
2018,"laucode","1765","house",1111,"offer_pricem2"
2018,"laucode","1766","all",946,"offer_pricem2"
2018,"laucode","1766","flat",529,"offer_pricem2"
2018,"laucode","1766","house",954,"offer_pricem2"
2018,"laucode","1780","all",2356,"offer_pricem2"
2018,"laucode","1780","flat",2370,"offer_pricem2"
2018,"laucode","1780","house",2204,"offer_pricem2"
2018,"laucode","1781","all",656,"offer_pricem2"
2018,"laucode","1781","flat",406,"offer_pricem2"
2018,"laucode","1781","house",1010,"offer_pricem2"
2018,"laucode","1782","all",577,"offer_pricem2"
2018,"laucode","1782","flat",193,"offer_pricem2"
2018,"laucode","1782","house",601,"offer_pricem2"
2018,"laucode","1783","all",737,"offer_pricem2"
2018,"laucode","1783","house",737,"offer_pricem2"
2018,"laucode","1784","all",1392,"offer_pricem2"
2018,"laucode","1784","flat",725,"offer_pricem2"
2018,"laucode","1784","house",1414,"offer_pricem2"
2018,"laucode","1785","all",757,"offer_pricem2"
2018,"laucode","1785","flat",220,"offer_pricem2"
2018,"laucode","1785","house",774,"offer_pricem2"
2018,"laucode","1814","all",1363,"offer_pricem2"
2018,"laucode","1814","flat",1351,"offer_pricem2"
2018,"laucode","1814","house",1364,"offer_pricem2"
2018,"laucode","1860","all",842,"offer_pricem2"
2018,"laucode","1860","house",842,"offer_pricem2"
2018,"laucode","1861","all",1082,"offer_pricem2"
2018,"laucode","1861","flat",656,"offer_pricem2"
2018,"laucode","1861","house",1102,"offer_pricem2"
2018,"laucode","1862","all",672,"offer_pricem2"
2018,"laucode","1862","flat",309,"offer_pricem2"
2018,"laucode","1862","house",674,"offer_pricem2"
2018,"laucode","1863","all",576,"offer_pricem2"
2018,"laucode","1863","house",576,"offer_pricem2"
2018,"laucode","1864","all",565,"offer_pricem2"
2018,"laucode","1864","house",565,"offer_pricem2"
2018,"laucode","1880","all",2672,"offer_pricem2"
2018,"laucode","1880","flat",2707,"offer_pricem2"
2018,"laucode","1880","house",2309,"offer_pricem2"
2018,"laucode","1881","all",1715,"offer_pricem2"
2018,"laucode","1881","flat",1597,"offer_pricem2"
2018,"laucode","1881","house",1782,"offer_pricem2"
2018,"laucode","1882","all",1642,"offer_pricem2"
2018,"laucode","1882","flat",2300,"offer_pricem2"
2018,"laucode","1882","house",1447,"offer_pricem2"
2018,"laucode","1883","all",1000,"offer_pricem2"
2018,"laucode","1883","flat",993,"offer_pricem2"
2018,"laucode","1883","house",1013,"offer_pricem2"
2018,"laucode","1884","all",1549,"offer_pricem2"
2018,"laucode","1884","flat",429,"offer_pricem2"
2018,"laucode","1884","house",1632,"offer_pricem2"
2018,"laucode","1885","all",860,"offer_pricem2"
2018,"laucode","1885","flat",571,"offer_pricem2"
2018,"laucode","1885","house",968,"offer_pricem2"
2018,"laucode","1904","all",517,"offer_pricem2"
2018,"laucode","1904","flat",257,"offer_pricem2"
2018,"laucode","1904","house",582,"offer_pricem2"
2018,"laucode","1907","all",1163,"offer_pricem2"
2018,"laucode","1907","flat",909,"offer_pricem2"
2018,"laucode","1907","house",1260,"offer_pricem2"
2018,"laucode","1960","all",1214,"offer_pricem2"
2018,"laucode","1960","house",1214,"offer_pricem2"
2018,"laucode","1961","all",1444,"offer_pricem2"
2018,"laucode","1961","flat",752,"offer_pricem2"
2018,"laucode","1961","house",1617,"offer_pricem2"
2018,"laucode","1962","all",783,"offer_pricem2"
2018,"laucode","1962","flat",1152,"offer_pricem2"
2018,"laucode","1962","house",691,"offer_pricem2"
2018,"laucode","1980","all",2521,"offer_pricem2"
2018,"laucode","1980","flat",2519,"offer_pricem2"
2018,"laucode","1980","house",2534,"offer_pricem2"
2018,"laucode","1981","all",1658,"offer_pricem2"
2018,"laucode","1981","flat",1486,"offer_pricem2"
2018,"laucode","1981","house",1680,"offer_pricem2"
2018,"laucode","1982","all",389,"offer_pricem2"
2018,"laucode","1982","flat",259,"offer_pricem2"
2018,"laucode","1982","house",829,"offer_pricem2"
2018,"laucode","1983","all",1073,"offer_pricem2"
2018,"laucode","1983","flat",841,"offer_pricem2"
2018,"laucode","1983","house",1613,"offer_pricem2"
2018,"laucode","1984","all",1251,"offer_pricem2"
2018,"laucode","1984","flat",1127,"offer_pricem2"
2018,"laucode","1984","house",1549,"offer_pricem2"
2018,"laucode","2021","all",517,"offer_pricem2"
2018,"laucode","2021","house",517,"offer_pricem2"
2018,"laucode","2023","all",3141,"offer_pricem2"
2018,"laucode","2023","flat",3373,"offer_pricem2"
2018,"laucode","2023","house",1151,"offer_pricem2"
2018,"laucode","2026","all",926,"offer_pricem2"
2018,"laucode","2026","flat",2097,"offer_pricem2"
2018,"laucode","2026","house",919,"offer_pricem2"
2018,"laucode","2029","all",2315,"offer_pricem2"
2018,"laucode","2029","flat",1624,"offer_pricem2"
2018,"laucode","2029","house",2321,"offer_pricem2"
2018,"laucode","2031","all",1430,"offer_pricem2"
2018,"laucode","2031","flat",1227,"offer_pricem2"
2018,"laucode","2031","house",1493,"offer_pricem2"
2018,"laucode","2034","all",1502,"offer_pricem2"
2018,"laucode","2034","flat",2128,"offer_pricem2"
2018,"laucode","2034","house",1224,"offer_pricem2"
2018,"laucode","2039","all",637,"offer_pricem2"
2018,"laucode","2039","house",637,"offer_pricem2"
2018,"laucode","2061","all",1068,"offer_pricem2"
2018,"laucode","2061","house",1068,"offer_pricem2"
2018,"laucode","2062","all",1260,"offer_pricem2"
2018,"laucode","2062","flat",1293,"offer_pricem2"
2018,"laucode","2062","house",1100,"offer_pricem2"
2018,"laucode","2081","all",1655,"offer_pricem2"
2018,"laucode","2081","flat",1685,"offer_pricem2"
2018,"laucode","2081","house",1636,"offer_pricem2"
2018,"laucode","2082","all",1435,"offer_pricem2"
2018,"laucode","2082","house",1435,"offer_pricem2"
2018,"laucode","2083","all",1004,"offer_pricem2"
2018,"laucode","2083","flat",767,"offer_pricem2"
2018,"laucode","2083","house",1063,"offer_pricem2"
2018,"laucode","2084","all",751,"offer_pricem2"
2018,"laucode","2084","flat",641,"offer_pricem2"
2018,"laucode","2084","house",1582,"offer_pricem2"
2018,"laucode","2085","all",1016,"offer_pricem2"
2018,"laucode","2085","flat",932,"offer_pricem2"
2018,"laucode","2085","house",1122,"offer_pricem2"
2018,"laucode","2101","all",882,"offer_pricem2"
2018,"laucode","2101","house",882,"offer_pricem2"
2018,"laucode","2104","all",828,"offer_pricem2"
2018,"laucode","2104","flat",180,"offer_pricem2"
2018,"laucode","2104","house",860,"offer_pricem2"
2018,"laucode","2121","all",712,"offer_pricem2"
2018,"laucode","2121","flat",664,"offer_pricem2"
2018,"laucode","2121","house",717,"offer_pricem2"
2018,"laucode","2132","all",819,"offer_pricem2"
2018,"laucode","2132","house",819,"offer_pricem2"
2018,"laucode","2161","all",786,"offer_pricem2"
2018,"laucode","2161","flat",1412,"offer_pricem2"
2018,"laucode","2161","house",709,"offer_pricem2"
2018,"laucode","2180","all",2294,"offer_pricem2"
2018,"laucode","2180","flat",2339,"offer_pricem2"
2018,"laucode","2180","house",2109,"offer_pricem2"
2018,"laucode","2181","all",1476,"offer_pricem2"
2018,"laucode","2181","flat",1481,"offer_pricem2"
2018,"laucode","2181","house",1474,"offer_pricem2"
2018,"laucode","2182","all",942,"offer_pricem2"
2018,"laucode","2182","flat",848,"offer_pricem2"
2018,"laucode","2182","house",963,"offer_pricem2"
2018,"laucode","2184","all",1378,"offer_pricem2"
2018,"laucode","2184","flat",1776,"offer_pricem2"
2018,"laucode","2184","house",1217,"offer_pricem2"
2018,"laucode","2260","all",485,"offer_pricem2"
2018,"laucode","2260","house",485,"offer_pricem2"
2018,"laucode","2262","all",837,"offer_pricem2"
2018,"laucode","2262","flat",633,"offer_pricem2"
2018,"laucode","2262","house",1041,"offer_pricem2"
2018,"laucode","2280","all",804,"offer_pricem2"
2018,"laucode","2280","flat",645,"offer_pricem2"
2018,"laucode","2280","house",870,"offer_pricem2"
2018,"laucode","2281","all",1806,"offer_pricem2"
2018,"laucode","2281","flat",1772,"offer_pricem2"
2018,"laucode","2281","house",1986,"offer_pricem2"
2018,"laucode","2282","all",530,"offer_pricem2"
2018,"laucode","2282","flat",502,"offer_pricem2"
2018,"laucode","2282","house",530,"offer_pricem2"
2018,"laucode","2283","all",364,"offer_pricem2"
2018,"laucode","2283","house",364,"offer_pricem2"
2018,"laucode","2284","all",1186,"offer_pricem2"
2018,"laucode","2284","flat",1672,"offer_pricem2"
2018,"laucode","2284","house",1118,"offer_pricem2"
2018,"laucode","2303","all",300,"offer_pricem2"
2018,"laucode","2303","house",300,"offer_pricem2"
2018,"laucode","2305","all",527,"offer_pricem2"
2018,"laucode","2305","house",527,"offer_pricem2"
2018,"laucode","2309","all",1935,"offer_pricem2"
2018,"laucode","2309","house",1935,"offer_pricem2"
2018,"laucode","2313","all",626,"offer_pricem2"
2018,"laucode","2313","house",626,"offer_pricem2"
2018,"laucode","2321","all",2537,"offer_pricem2"
2018,"laucode","2321","flat",2535,"offer_pricem2"
2018,"laucode","2321","house",2574,"offer_pricem2"
2018,"laucode","2326","all",809,"offer_pricem2"
2018,"laucode","2326","flat",2925,"offer_pricem2"
2018,"laucode","2326","house",724,"offer_pricem2"
2018,"laucode","2361","all",2430,"offer_pricem2"
2018,"laucode","2361","flat",2869,"offer_pricem2"
2018,"laucode","2361","house",1908,"offer_pricem2"
2018,"laucode","2380","all",2006,"offer_pricem2"
2018,"laucode","2380","flat",1963,"offer_pricem2"
2018,"laucode","2380","house",2340,"offer_pricem2"
2018,"laucode","2401","all",623,"offer_pricem2"
2018,"laucode","2401","house",623,"offer_pricem2"
2018,"laucode","2403","all",385,"offer_pricem2"
2018,"laucode","2403","house",385,"offer_pricem2"
2018,"laucode","2404","all",1760,"offer_pricem2"
2018,"laucode","2404","house",1760,"offer_pricem2"
2018,"laucode","2409","all",345,"offer_pricem2"
2018,"laucode","2409","house",345,"offer_pricem2"
2018,"laucode","2417","all",269,"offer_pricem2"
2018,"laucode","2417","house",269,"offer_pricem2"
2018,"laucode","2418","all",318,"offer_pricem2"
2018,"laucode","2418","house",318,"offer_pricem2"
2018,"laucode","2421","all",1828,"offer_pricem2"
2018,"laucode","2421","flat",2973,"offer_pricem2"
2018,"laucode","2421","house",684,"offer_pricem2"
2018,"laucode","2425","all",2727,"offer_pricem2"
2018,"laucode","2425","flat",2727,"offer_pricem2"
2018,"laucode","2462","all",1482,"offer_pricem2"
2018,"laucode","2462","house",1482,"offer_pricem2"
2018,"laucode","2463","all",364,"offer_pricem2"
2018,"laucode","2463","house",364,"offer_pricem2"
2018,"laucode","2480","all",2917,"offer_pricem2"
2018,"laucode","2480","flat",2954,"offer_pricem2"
2018,"laucode","2480","house",2646,"offer_pricem2"
2018,"laucode","2481","all",630,"offer_pricem2"
2018,"laucode","2481","house",630,"offer_pricem2"
2018,"laucode","2482","all",1427,"offer_pricem2"
2018,"laucode","2482","flat",1527,"offer_pricem2"
2018,"laucode","2482","house",1339,"offer_pricem2"
2018,"laucode","2505","all",596,"offer_pricem2"
2018,"laucode","2505","house",596,"offer_pricem2"
2018,"laucode","2506","all",884,"offer_pricem2"
2018,"laucode","2506","house",884,"offer_pricem2"
2018,"laucode","2510","all",854,"offer_pricem2"
2018,"laucode","2510","house",854,"offer_pricem2"
2018,"laucode","2513","all",381,"offer_pricem2"
2018,"laucode","2513","house",381,"offer_pricem2"
2018,"laucode","2514","all",655,"offer_pricem2"
2018,"laucode","2514","flat",481,"offer_pricem2"
2018,"laucode","2514","house",664,"offer_pricem2"
2018,"laucode","2518","all",443,"offer_pricem2"
2018,"laucode","2518","house",443,"offer_pricem2"
2018,"laucode","2521","all",589,"offer_pricem2"
2018,"laucode","2521","house",589,"offer_pricem2"
2018,"laucode","2523","all",1501,"offer_pricem2"
2018,"laucode","2523","flat",1501,"offer_pricem2"
2018,"laucode","2523","house",1500,"offer_pricem2"
2018,"laucode","2560","all",546,"offer_pricem2"
2018,"laucode","2560","flat",427,"offer_pricem2"
2018,"laucode","2560","house",546,"offer_pricem2"
2018,"laucode","2580","all",2279,"offer_pricem2"
2018,"laucode","2580","flat",2395,"offer_pricem2"
2018,"laucode","2580","house",2081,"offer_pricem2"
2018,"laucode","2581","all",1333,"offer_pricem2"
2018,"laucode","2581","flat",1331,"offer_pricem2"
2018,"laucode","2581","house",1333,"offer_pricem2"
2018,"laucode","2582","all",1230,"offer_pricem2"
2018,"laucode","2582","flat",1053,"offer_pricem2"
2018,"laucode","2582","house",1288,"offer_pricem2"
2018,"laucode","2583","all",747,"offer_pricem2"
2018,"laucode","2583","flat",576,"offer_pricem2"
2018,"laucode","2583","house",752,"offer_pricem2"
2018,"laucode","2584","all",1498,"offer_pricem2"
2018,"laucode","2584","flat",1547,"offer_pricem2"
2018,"laucode","2584","house",1280,"offer_pricem2"
2018,"nuts3","SE110","all",4973,"offer_pricem2"
2018,"nuts3","SE110","flat",5378,"offer_pricem2"
2018,"nuts3","SE110","house",4074,"offer_pricem2"
2018,"nuts3","SE121","all",3047,"offer_pricem2"
2018,"nuts3","SE121","flat",3391,"offer_pricem2"
2018,"nuts3","SE121","house",2620,"offer_pricem2"
2018,"nuts3","SE122","all",2113,"offer_pricem2"
2018,"nuts3","SE122","flat",2068,"offer_pricem2"
2018,"nuts3","SE122","house",2135,"offer_pricem2"
2018,"nuts3","SE123","all",2483,"offer_pricem2"
2018,"nuts3","SE123","flat",2680,"offer_pricem2"
2018,"nuts3","SE123","house",2120,"offer_pricem2"
2018,"nuts3","SE211","all",1824,"offer_pricem2"
2018,"nuts3","SE211","flat",2094,"offer_pricem2"
2018,"nuts3","SE211","house",1671,"offer_pricem2"
2018,"nuts3","SE212","all",1728,"offer_pricem2"
2018,"nuts3","SE212","house",1454,"offer_pricem2"
2018,"nuts3","SE212","flat",2088,"offer_pricem2"
2018,"nuts3","SE213","all",1527,"offer_pricem2"
2018,"nuts3","SE213","house",1436,"offer_pricem2"
2018,"nuts3","SE213","flat",1602,"offer_pricem2"
2018,"nuts3","SE214","all",3199,"offer_pricem2"
2018,"nuts3","SE214","flat",3327,"offer_pricem2"
2018,"nuts3","SE214","house",2623,"offer_pricem2"
2018,"nuts3","SE221","all",1711,"offer_pricem2"
2018,"nuts3","SE221","flat",1819,"offer_pricem2"
2018,"nuts3","SE221","house",1617,"offer_pricem2"
2018,"nuts3","SE224","all",2489,"offer_pricem2"
2018,"nuts3","SE224","flat",2616,"offer_pricem2"
2018,"nuts3","SE224","house",2382,"offer_pricem2"
2018,"nuts3","SE231","all",2931,"offer_pricem2"
2018,"nuts3","SE231","house",2828,"offer_pricem2"
2018,"nuts3","SE231","flat",3114,"offer_pricem2"
2018,"nuts3","SE232","all",2940,"offer_pricem2"
2018,"nuts3","SE232","flat",3443,"offer_pricem2"
2018,"nuts3","SE232","house",2487,"offer_pricem2"
2018,"nuts3","SE311","all",1434,"offer_pricem2"
2018,"nuts3","SE311","flat",1577,"offer_pricem2"
2018,"nuts3","SE311","house",1360,"offer_pricem2"
2018,"nuts3","SE124","all",1860,"offer_pricem2"
2018,"nuts3","SE124","flat",2161,"offer_pricem2"
2018,"nuts3","SE124","house",1571,"offer_pricem2"
2018,"nuts3","SE125","all",1888,"offer_pricem2"
2018,"nuts3","SE125","flat",1944,"offer_pricem2"
2018,"nuts3","SE125","house",1916,"offer_pricem2"
2018,"nuts3","SE312","all",1383,"offer_pricem2"
2018,"nuts3","SE312","house",1324,"offer_pricem2"
2018,"nuts3","SE312","flat",1334,"offer_pricem2"
2018,"nuts3","SE313","all",1545,"offer_pricem2"
2018,"nuts3","SE313","house",1386,"offer_pricem2"
2018,"nuts3","SE313","flat",1807,"offer_pricem2"
2018,"nuts3","SE321","all",1201,"offer_pricem2"
2018,"nuts3","SE321","house",1197,"offer_pricem2"
2018,"nuts3","SE321","flat",1465,"offer_pricem2"
2018,"nuts3","SE322","all",1732,"offer_pricem2"
2018,"nuts3","SE322","house",1709,"offer_pricem2"
2018,"nuts3","SE322","flat",2070,"offer_pricem2"
2018,"nuts3","SE331","all",1982,"offer_pricem2"
2018,"nuts3","SE331","house",1646,"offer_pricem2"
2018,"nuts3","SE331","flat",2537,"offer_pricem2"
2018,"nuts3","SE332","all",1436,"offer_pricem2"
2018,"nuts3","SE332","house",1297,"offer_pricem2"
2018,"nuts3","SE332","flat",1684,"offer_pricem2"
2018,"nuts2","SE11","all",4973,"offer_pricem2"
2018,"nuts2","SE11","flat",5378,"offer_pricem2"
2018,"nuts2","SE11","house",4074,"offer_pricem2"
2018,"nuts2","SE12","all",2336,"offer_pricem2"
2018,"nuts2","SE12","flat",2528,"offer_pricem2"
2018,"nuts2","SE12","house",2093,"offer_pricem2"
2018,"nuts2","SE21","all",1805,"offer_pricem2"
2018,"nuts2","SE21","flat",2032,"offer_pricem2"
2018,"nuts2","SE21","house",1616,"offer_pricem2"
2018,"nuts2","SE22","all",2401,"offer_pricem2"
2018,"nuts2","SE22","flat",2549,"offer_pricem2"
2018,"nuts2","SE22","house",2281,"offer_pricem2"
2018,"nuts2","SE23","all",2938,"offer_pricem2"
2018,"nuts2","SE23","house",2558,"offer_pricem2"
2018,"nuts2","SE23","flat",3405,"offer_pricem2"
2018,"nuts2","SE31","all",1456,"offer_pricem2"
2018,"nuts2","SE31","flat",1606,"offer_pricem2"
2018,"nuts2","SE31","house",1357,"offer_pricem2"
2018,"nuts2","SE32","all",1388,"offer_pricem2"
2018,"nuts2","SE32","house",1380,"offer_pricem2"
2018,"nuts2","SE32","flat",1661,"offer_pricem2"
2018,"nuts2","SE33","all",1710,"offer_pricem2"
2018,"nuts2","SE33","house",1468,"offer_pricem2"
2018,"nuts2","SE33","flat",2116,"offer_pricem2"
2018,"nuts1","SE1","all",3780,"offer_pricem2"
2018,"nuts1","SE1","flat",4359,"offer_pricem2"
2018,"nuts1","SE1","house",2987,"offer_pricem2"
2018,"nuts1","SE2","all",2516,"offer_pricem2"
2018,"nuts1","SE2","flat",2868,"offer_pricem2"
2018,"nuts1","SE2","house",2245,"offer_pricem2"
2018,"nuts1","SE3","all",1517,"offer_pricem2"
2018,"nuts1","SE3","flat",1785,"offer_pricem2"
2018,"nuts1","SE3","house",1394,"offer_pricem2"
2018,"nuts0","SE","all",2808,"offer_pricem2"
2018,"nuts0","SE","flat",3434,"offer_pricem2"
2018,"nuts0","SE","house",2298,"offer_pricem2"
